Feature,Logistic Regression CV,Decision Tree CV,Knn CV,Random Forest CV
Maldi (46 feat),0.9583333333333334,0.9352564102564103,0.9256410256410257,0.9833333333333332
Maldi with PCA,0.9596153846153845,0.8929487179487179,0.9019230769230768,0.9666666666666666
Maldi with PCA2,0.9173076923076924,0.8519230769230768,0.8852564102564102,0.9012820512820513
Maldi with 10 features,0.9762820512820513,0.9512820512820511,0.9756410256410255,0.9596153846153845
