,Target,Dataframe,Model,Accuracy,Bal. Accuracy,St. Dev.,Precision,Recall,F1-Score
0,mf3,maldi,Stack,0.7142857142857143,0.38461538461538464,0.0,0.8441558441558442,0.7142857142857143,0.7738095238095237
1,subspecies,maldi,Stack,0.14285714285714285,0.5,0.0,0.02040816326530612,0.14285714285714285,0.03571428571428571
2,mf3,clusters,Stack,0.21428571428571427,0.11538461538461539,0.0,0.6964285714285714,0.21428571428571427,0.3277310924369748
3,subspecies,clusters,Stack,0.14285714285714285,0.5,0.0,0.02040816326530612,0.14285714285714285,0.03571428571428571
4,mf3,agg,Stack,0.5714285714285714,0.3076923076923077,0.0,0.8253968253968254,0.5714285714285714,0.6753246753246754
5,subspecies,agg,Stack,0.14285714285714285,0.5,0.0,0.02040816326530612,0.14285714285714285,0.03571428571428571
6,mf3,clusters+agg,Stack,0.5714285714285714,0.3076923076923077,0.0,0.8253968253968254,0.5714285714285714,0.6753246753246754
7,subspecies,clusters+agg,Stack,0.14285714285714285,0.5,0.0,0.02040816326530612,0.14285714285714285,0.03571428571428571
