Feature,Logistic Regression CV,Decision Tree CV,Knn CV,Random Forest CV
Maldi (46 feat),0.3666666666666667,0.9352564102564103,0.8935897435897436,0.9833333333333332
Maldi with PCA,0.3666666666666667,0.7916666666666666,0.725,0.8237179487179487
Maldi with PCA2,0.3666666666666667,0.5397435897435898,0.6269230769230769,0.555128205128205
Maldi with 10 features,0.3666666666666667,0.9512820512820511,0.9756410256410255,0.9596153846153845
