Feature,Logistic Regression CV,Decision Tree CV,Knn CV,Random Forest CV
Maldi (46 feat),0.9519230769230769,0.9352564102564103,0.9506410256410256,0.9833333333333332
Maldi with PCA,0.9602564102564102,0.9179487179487179,0.9506410256410257,0.9512820512820512
Maldi with PCA2,0.9025641025641026,0.876923076923077,0.8935897435897436,0.908974358974359
Maldi with 10 features,0.9596153846153846,0.9512820512820511,0.9756410256410255,0.9596153846153845
