Feature,Logistic Regression CV,Decision Tree CV,Knn CV,Random Forest CV
Maldi (46 feat),1.0,0.9512820512820511,0.9352564102564103,1.0
Maldi with PCA,1.0,0.9275641025641024,0.9756410256410255,0.9833333333333332
Maldi with PCA2,0.9839743589743589,0.9756410256410255,1.0,0.9839743589743589
Maldi with 10 features,0.975,0.9596153846153845,1.0,0.9833333333333332
