Feature,Logistic Regression CV,Decision Tree CV,Knn CV,Random Forest CV
Maldi (46 feat),0.6064102564102564,0.4884615384615384,0.6000000000000001,0.6153846153846153
Maldi with PCA,0.6057692307692307,0.6025641025641024,0.6160256410256411,0.65
Maldi with PCA2,0.5987179487179487,0.5038461538461538,0.6070512820512821,0.6
Maldi with 10 features,0.6326923076923077,0.492948717948718,0.6326923076923077,0.6641025641025642
