Feature,Logistic Regression CV,Decision Tree CV,Knn CV,Random Forest CV
Maldi (46 feat),0.3666666666666667,0.9512820512820511,0.8044871794871795,1.0
Maldi with PCA,0.3666666666666667,0.6737179487179488,0.7794871794871795,0.7801282051282051
Maldi with PCA2,0.3666666666666667,0.4807692307692307,0.4378205128205129,0.4705128205128205
Maldi with 10 features,0.3666666666666667,0.9596153846153845,0.9185897435897437,0.9833333333333332
