Feature,Logistic Regression CV,Decision Tree CV,Knn CV,Random Forest CV
Maldi (46 feat),1.0,0.9512820512820511,0.8134615384615383,1.0
Maldi with PCA,1.0,0.9262820512820513,0.9839743589743589,0.9519230769230769
Maldi with PCA2,0.9923076923076923,0.9839743589743589,0.9923076923076923,0.9923076923076923
Maldi with 10 features,0.9916666666666666,0.9596153846153845,0.9916666666666666,0.9833333333333332
