Feature,Logistic Regression CV,Decision Tree CV,Knn CV,Random Forest CV
Maldi (46 feat),0.6506410256410257,0.6743589743589744,0.6833333333333333,0.6826923076923077
Maldi with PCA,0.6583333333333333,0.47948717948717956,0.675,0.6410256410256411
Maldi with PCA2,0.6512820512820513,0.5698717948717948,0.6429487179487179,0.6596153846153846
Maldi with 10 features,0.6666666666666667,0.6583333333333334,0.6769230769230768,0.6993589743589743
