Feature,Logistic Regression CV,Decision Tree CV,Knn CV,Random Forest CV
Maldi (46 feat),0.5916666666666666,0.4884615384615384,0.4871794871794871,0.6153846153846153
Maldi with PCA,0.5826923076923077,0.5685897435897437,0.5602564102564103,0.5935897435897436
Maldi with PCA2,0.5987179487179487,0.5769230769230769,0.5673076923076923,0.6166666666666667
Maldi with 10 features,0.6647435897435898,0.492948717948718,0.5365384615384615,0.6641025641025642
