Feature,Logistic Regression CV,Decision Tree CV,Knn CV,Random Forest CV
Maldi (46 feat),0.6826923076923077,0.6743589743589744,0.675,0.6006410256410255
Maldi with PCA,0.6903846153846154,0.5448717948717949,0.6923076923076923,0.6423076923076922
Maldi with PCA2,0.6352564102564104,0.5871794871794872,0.6448717948717949,0.6115384615384615
Maldi with 10 features,0.7,0.6583333333333334,0.6846153846153846,0.6993589743589743
